date,sessions,users,new_users,pageviews,bounce_rate,avg_session_duration,conversions,revenue,channel
2024-01-01,4174,1816,597,10943,0.5672340546282584,199.67313645945572,86,2787.6224611232597,social
2024-01-02,4507,1680,422,9891,0.3819937181663284,124.55841706442344,40,1838.9680309346925,social
2024-01-03,1860,2849,833,9738,0.41725909210440526,251.41418415292515,56,3042.5989678655724,paid
2024-01-04,2294,3744,332,5472,0.6585343274084479,134.4868701416577,64,3599.983859225408,direct
2024-01-05,2130,2127,362,13852,0.3052007694042944,169.25283577963228,115,4429.9531213736345,direct
2024-01-06,2095,3101,414,5739,0.33420341234178724,62.78892957794415,199,3363.3110929066165,direct
2024-01-07,4772,1252,932,8401,0.3831545020584109,77.38725307069413,167,3925.046916694211,email
2024-01-08,4092,3908,434,4761,0.3106128815495279,154.19845353760437,130,1220.3223572955785,direct
2024-01-09,2638,1983,857,14706,0.3725741740359189,175.18532033210965,64,2577.0086348890545,social
2024-01-10,3169,3862,950,13167,0.5332166243878769,204.0049315486329,153,541.9922892219198,email
2024-01-11,1466,2856,787,13554,0.46856982023699917,129.99901889023278,21,1610.0548903473036,organic
2024-01-12,2238,3970,208,3876,0.6570686844307899,226.7956526703702,154,3769.077718008522,direct
2024-01-13,1330,2482,273,6812,0.6269774246953763,266.4293753254091,153,4963.144781072136,direct
2024-01-14,2482,3663,691,14640,0.43672694067915035,247.16423733440396,149,946.3014481424716,organic
2024-01-15,3135,3055,452,12504,0.40376937337251695,69.50851808360571,145,2306.724421375797,direct
2024-01-16,4444,1954,429,4460,0.45187696326690674,175.32166734187894,12,4100.319359146218,organic
2024-01-17,4171,1203,718,13901,0.5361179770059231,85.18324282036197,153,1418.1603558300449,email
2024-01-18,3919,2999,373,13516,0.40722545632915047,118.0908038070066,39,2997.8822718602883,social
2024-01-19,4735,2901,852,4733,0.5496595631396536,296.7990223841151,32,3798.8208321335364,organic
2024-01-20,1130,3991,367,4605,0.46376466087649615,94.19893029636317,101,3271.934526170806,paid
2024-01-21,2685,2496,369,8622,0.520818872340792,179.73315682832546,124,1346.1113057693726,organic
2024-01-22,4380,1427,592,9767,0.47445061165412666,208.35737623634859,113,2099.2305590858273,direct
2024-01-23,1769,1386,994,13755,0.41778630381676707,228.59159293058494,127,4027.0630301842875,email
2024-01-24,3391,2448,833,14613,0.6793813227848626,194.31568403685938,14,2994.019313594075,email
2024-01-25,2515,2243,393,9986,0.6054423176639043,62.345003380604076,113,523.5332609431073,organic
2024-01-26,4485,2245,716,6517,0.356045270306581,138.35071397855805,117,3924.4584201264224,social
2024-01-27,3853,903,228,13589,0.647387190359165,184.25079441233075,74,658.9010972310758,paid
2024-01-28,3433,1053,364,6735,0.4949724792998054,81.08795979476001,130,3855.8020222905448,email
2024-01-29,2215,3983,621,14062,0.6578208907576365,144.15046349020338,39,1411.1625207435684,direct
2024-01-30,1955,3357,538,12352,0.619942102378926,67.96874610992798,158,4811.330660537211,direct
2024-01-31,3324,2296,847,11434,0.47008540178769337,78.85883931720498,93,2155.7333808593803,social
2024-02-01,2184,898,695,5590,0.30898772332804697,155.26158628838306,159,1971.192273521356,email
2024-02-02,1459,3000,564,4063,0.4074709437539784,91.85178097033449,41,1169.996226496001,organic
2024-02-03,4385,2684,541,7324,0.5166536858643468,196.20980358277396,170,1875.2189697059669,direct
2024-02-04,1021,3761,699,13787,0.5533912879304589,225.47159259294378,25,4444.928428226903,social
2024-02-05,3300,2719,856,12111,0.4031550741732809,252.1408077861799,47,4983.504519322613,email
2024-02-06,1747,1677,710,8342,0.35574242962912966,108.03605861875442,151,2157.3928872808174,email
2024-02-07,3904,1137,526,3005,0.6339720947197196,100.19581974217674,45,2518.7478392954417,email
2024-02-08,4632,3669,416,10489,0.6937608722814208,85.09628168025606,160,3749.3192219123166,email
2024-02-09,1474,1756,500,11659,0.5102760729210744,212.7432598904728,123,4487.881012092836,email
2024-02-10,2082,2504,331,11195,0.3686717143393214,229.55417435685627,75,3168.6995038405285,direct
2024-02-11,3558,960,269,8966,0.40892293060774754,67.58067475815409,114,2261.865641800232,social
2024-02-12,4753,2403,451,11837,0.3073562706189867,284.69093909848556,94,2356.798283818807,email
2024-02-13,3047,3648,614,3117,0.6657195226241995,72.47310807635338,11,3630.2816592356307,paid
2024-02-14,4547,1197,986,14120,0.34710043315605643,189.91112047225693,84,514.4821862192541,paid
2024-02-15,3747,2100,644,5551,0.5306065902057014,230.17452466821993,76,3288.152018569283,social
2024-02-16,1975,1615,381,8560,0.4096220882748824,269.03258969906057,189,2099.7185469861083,organic
2024-02-17,2806,2327,366,7289,0.5216712010063174,231.38086371178267,199,4073.887990746879,organic
2024-02-18,1189,2719,290,3846,0.5605681553407457,252.41473993675004,160,918.4578792040948,organic
2024-02-19,4005,2215,913,13954,0.6318967214828806,141.46804621027346,163,3146.910201267757,paid
2024-02-20,3734,1958,730,9316,0.38256850870424125,255.55802729916294,64,2664.378004487557,organic
2024-02-21,4005,2018,238,9469,0.3043983314633922,79.22756313232203,15,3390.4648665735235,direct
2024-02-22,1562,1200,325,12333,0.3547542520275229,274.7559974545266,172,791.8411751733576,email
2024-02-23,2899,1439,650,13002,0.660007456739242,191.4221702768967,159,3109.927043426591,paid
2024-02-24,4638,3904,372,11915,0.649556031025006,256.1514647909985,180,3026.6806458178567,social
2024-02-25,2267,3535,852,3224,0.5389652408681233,168.55638828439203,152,3022.9704248727694,social
2024-02-26,3879,1259,953,7208,0.5402067441734614,214.458646847166,95,3215.6944996840466,email
2024-02-27,2528,1754,419,9283,0.5660146698185021,186.33663862466716,69,3544.10571751863,paid
2024-02-28,4202,1269,837,5048,0.3701485114493798,235.58148522127965,110,4122.450498563464,organic
2024-02-29,4556,1845,257,9233,0.6657647783699838,79.5911956873415,21,1714.1932405769646,organic
2024-03-01,4890,3597,859,12765,0.46750820995682923,74.48450015773531,58,4212.722345810279,direct
2024-03-02,1646,2493,675,4828,0.45325541129979896,119.30477616243515,51,2742.1505701855413,direct
2024-03-03,3068,2885,655,4917,0.507567082113135,98.2907232271652,175,846.7622561044902,organic
2024-03-04,3888,3077,560,7234,0.318786386710022,269.2280559821284,91,763.4791815979064,social
2024-03-05,3214,1362,200,9988,0.36651334750243175,112.61135696593064,182,2004.0724341322737,social
2024-03-06,2297,3285,586,5026,0.5952134465705481,294.2076613965915,44,4032.036397001604,direct
2024-03-07,3435,2599,547,6744,0.3331194671700506,140.85499002506563,167,3684.564206334121,email
2024-03-08,1600,2874,389,12093,0.5412608437865553,103.70829976528783,167,4048.767341025829,organic
2024-03-09,3363,1025,704,13231,0.39813964387252837,249.527641714195,143,2827.7107539872422,direct
2024-03-10,3061,1597,390,3009,0.4557182456167906,218.08986612021027,76,2480.8954907997077,direct
2024-03-11,1241,3131,707,3260,0.41547749470827994,179.56697194875335,89,1163.5363701782778,organic
2024-03-12,3041,3726,568,9038,0.44226908658597963,193.2872522250315,16,1976.867391241902,organic
2024-03-13,3824,1759,608,12865,0.5876183620736981,232.6084267853433,189,2453.0871477824385,social
2024-03-14,4417,2304,316,5219,0.41884868624926996,114.8291379195117,23,898.7019335582776,email
2024-03-15,3612,1252,333,10041,0.5265618561187588,299.12013985361807,82,1492.7537872004507,email
2024-03-16,3945,3867,257,5060,0.49042016087963985,293.950358915228,152,3192.013823286825,organic
2024-03-17,2363,1615,755,8287,0.5654684661450592,216.07816472326485,158,3810.4840140763545,paid
2024-03-18,3139,1458,884,14905,0.6747318957299031,107.89018822299484,172,4992.563801268273,direct
2024-03-19,2390,1346,871,4619,0.5930288388841001,223.25477818350993,75,4699.009991046009,direct
2024-03-20,4003,2015,372,11512,0.3859761514363027,77.3276181550022,100,3391.543397908362,organic
2024-03-21,2478,3920,348,4342,0.31247325402451387,67.35660052939346,139,2395.616239823324,paid
2024-03-22,4499,816,279,13568,0.40490561771993,121.84389324269128,172,3362.7981411870473,social
2024-03-23,3556,2043,412,5832,0.5380311722801019,171.0295096174359,29,4035.432281361044,organic
2024-03-24,1775,3005,402,5824,0.3205703253937001,268.38540129801135,19,1032.512859155243,organic
2024-03-25,1034,3324,963,4994,0.4985464988804945,234.52057674391392,34,2344.5720036332973,direct
2024-03-26,3253,1869,428,14150,0.5387371395667556,238.24956508799545,34,4279.110285360278,organic
2024-03-27,4152,3365,875,13230,0.4336975563267843,162.11840026753808,63,2227.248283698698,organic
2024-03-28,2955,2946,426,6490,0.6083648814983287,143.0243982112711,42,3073.4252205223393,organic
2024-03-29,2585,2568,858,14869,0.3426393012535087,149.04930311630466,173,3144.962123879892,direct
2024-03-30,4943,1860,731,12310,0.33005511269432347,297.0358952966539,104,1330.143139101377,social
2024-03-31,4459,3127,640,10984,0.5912755024814413,69.6262059389958,23,2130.059487435298,social
2024-04-01,4073,3344,601,4604,0.49819652648247936,268.0875590693877,74,2005.3007993386946,organic
2024-04-02,2021,1101,246,3235,0.5753609585710944,198.8820980573744,119,617.8851883942916,direct
2024-04-03,4461,980,432,13161,0.47393093544149845,165.26770060550172,89,608.8629375110986,social
2024-04-04,3613,1406,504,4908,0.3985608132956427,234.06183849963276,63,4242.636696540981,social
2024-04-05,2129,3970,725,11567,0.6276409270696799,176.80054594192868,134,1728.8186448776557,social
2024-04-06,4843,1499,342,6530,0.6197663515875916,269.6215771395985,189,2831.3544480746696,direct
2024-04-07,4893,1792,614,8256,0.5778785883417706,276.16844736270207,140,1844.2650811494786,direct
2024-04-08,2500,1939,712,5635,0.40885805489198507,161.2130224496293,178,4733.056603019032,organic
2024-04-09,1702,990,572,11162,0.5360922667476348,126.43867133641238,143,1666.8354148959818,email
2024-04-10,3449,3100,765,12762,0.4443895587760107,202.16407886240694,34,2433.455657325208,social
2024-04-11,3777,1780,458,5560,0.33663282933065364,278.9672029480058,150,4427.286127180709,email
2024-04-12,2579,3775,855,8415,0.666925430184897,110.55892536135998,126,4288.701050563139,direct
2024-04-13,1161,2806,670,6391,0.3547274523675846,209.51198005523588,145,1337.4563803082478,direct
2024-04-14,1201,1984,211,14157,0.680094941528321,211.57445282220493,158,4111.894894080697,direct
2024-04-15,2981,927,529,14835,0.4784023091831823,235.94712537966743,34,2561.840990320517,email
2024-04-16,1995,2865,935,8951,0.3740531715354478,91.57624443054235,88,2673.3599243840986,direct
2024-04-17,3317,2616,983,8468,0.5167603789513432,231.79799152370126,77,1100.659875871747,organic
2024-04-18,4934,2558,557,11007,0.6491783343505633,278.1678049597538,182,862.7068119070609,direct
2024-04-19,1815,3413,607,12064,0.5928899545638244,103.12394612885808,197,3775.7268813819433,paid
2024-04-20,4342,1369,867,12444,0.6226244591445799,117.01039798173063,21,2734.0751855988487,email
2024-04-21,1455,2146,572,9413,0.5635133466842869,293.1348225699935,41,2465.828161768308,paid
2024-04-22,4533,2695,207,9941,0.5769106258071409,103.43446865027755,137,3782.787028935785,direct
2024-04-23,4798,3533,321,12506,0.6396782606261276,265.052422408699,105,3944.808045459994,organic
2024-04-24,2275,1425,547,7820,0.39986720354367433,178.14668554752836,101,1215.086754512091,social
2024-04-25,2016,3701,875,5898,0.49576998545725615,119.33545785676249,150,3246.013172649386,direct
2024-04-26,4773,2486,289,10546,0.38848377672784085,268.9799763054027,40,1109.093370249585,organic
2024-04-27,3343,3809,847,3077,0.6950672031986588,166.87326120063972,87,3881.1878871307053,email
2024-04-28,4796,954,897,10577,0.6776237358746453,183.55616494312565,29,3456.2982032021278,paid
2024-04-29,3767,3337,515,13813,0.31577072454740235,146.21600865594377,155,4804.7657948755605,paid
2024-04-30,4820,2209,377,7227,0.5822300690062754,202.30820434438257,69,810.3110736038954,paid
2024-05-01,1337,1584,739,3600,0.6700993269662663,99.24572942040547,143,756.7462451806445,email
2024-05-02,1878,3975,931,4065,0.3722301380509334,153.85956879642256,169,1769.8418361194006,organic
2024-05-03,2076,1045,240,5136,0.5271780922210517,292.658957360469,102,1677.6755768115768,email
2024-05-04,1791,3910,939,13641,0.6661953190352167,121.95202384827061,52,1611.4045958239992,paid
2024-05-05,4993,2300,903,13535,0.31357839143431954,217.61679948991014,139,4578.145612344665,direct
2024-05-06,3264,2505,701,13055,0.5789681068987359,138.04561541392678,69,1622.9578993227774,social
2024-05-07,1763,3606,344,12510,0.4189396029490203,245.63355016478417,160,1723.7737675788394,email
2024-05-08,3235,1337,400,14789,0.6697584781506121,91.40967857240396,40,3917.292180880837,email
2024-05-09,1379,2690,923,9943,0.6884232980661471,292.75705081885076,14,2523.82929102743,organic
2024-05-10,1492,2641,660,14954,0.6777065956453735,168.90948993207343,171,3995.1975062983156,organic
2024-05-11,4112,1720,931,10804,0.4896856866629855,116.65211120315135,19,794.1477090397336,email
2024-05-12,2180,3255,951,9565,0.6448170603957253,77.63921935920304,98,2694.0703715302293,paid
2024-05-13,3062,1324,757,8984,0.6378197594140281,100.74189722100978,139,651.2612008247719,social
2024-05-14,4884,3675,746,8142,0.42764018929730224,184.74574765344423,135,781.9394155490953,organic
2024-05-15,1064,2329,452,7670,0.6315661896602709,140.8807623435087,20,4578.968540049849,paid
2024-05-16,4928,3750,589,5190,0.31480305388619706,258.9320078118263,187,1126.6041700291782,direct
2024-05-17,4910,835,793,12184,0.5385079513928211,163.41300567883343,168,2895.893070238477,organic
2024-05-18,3568,1484,455,5712,0.3920035349150812,119.69142542103117,65,2349.9302117031793,paid
2024-05-19,2367,819,908,5192,0.3482267543109115,208.1147967849672,92,2063.044968164792,paid
2024-05-20,2152,3168,649,4248,0.33078128065168366,229.626532052507,146,4549.250055592726,social
2024-05-21,3027,3359,209,14246,0.5785155103512558,100.09005789622796,108,598.2052854897028,social
2024-05-22,3695,1199,997,7033,0.4359499855072264,100.22861190919625,158,3487.0535877901507,direct
2024-05-23,2495,3501,441,4997,0.5899067086115045,68.80114246405032,82,4835.274953960977,paid
2024-05-24,4134,1771,450,6687,0.32614253631957696,236.7364836157537,165,3020.756825578289,paid
2024-05-25,2162,2706,204,13343,0.4261161351322441,219.31308662923323,199,4715.701079148913,social
2024-05-26,2522,3318,318,7018,0.5157965169501348,173.91141017995534,124,735.1604567871069,organic
2024-05-27,3640,1966,573,14302,0.6162892659355854,262.6009077526073,16,2384.5699358337265,organic
2024-05-28,1391,1915,264,4970,0.42750100117282797,253.36083670801276,89,1670.7100593292303,email
2024-05-29,2698,1633,345,11389,0.5503565505748036,200.48504745522052,153,3788.694342413284,social
2024-05-30,1418,2623,423,8765,0.6543910992944748,268.38510732318207,106,4915.83690723761,email
2024-05-31,3336,3574,438,13818,0.5463452752729218,109.40189040882439,13,1654.3852809991151,social
2024-06-01,1378,2782,376,4202,0.3931837899014535,86.86070865545469,13,3443.785706633335,direct
2024-06-02,2796,1653,978,11135,0.3097603126226152,124.7399067640775,112,1391.4393474188305,paid
2024-06-03,4561,850,481,8567,0.6480395495603719,73.70084546143556,49,3043.9861455722444,direct
2024-06-04,3278,1374,262,10667,0.30850776434015487,187.4806867202477,26,2587.696190097513,social
2024-06-05,4065,1948,416,8742,0.6498806690736797,284.78536615079076,110,4874.023983341916,paid
2024-06-06,3088,2997,994,8788,0.5115748536108847,69.44244976044232,112,3238.3727271340995,organic
2024-06-07,4099,3161,888,8408,0.6756270794051584,89.30637936240643,133,2072.7786743906845,organic
2024-06-08,3182,3417,660,13227,0.6195132943094661,168.52776678802448,61,1013.4310319957002,email
2024-06-09,1200,3152,809,11669,0.6991736442133349,284.1300042066972,61,1180.6107293072055,social
2024-06-10,2863,2515,304,12446,0.44028472618068404,135.87746519442013,173,1513.9261847805578,social
2024-06-11,1779,1481,298,3922,0.6068753155724507,181.73635408521417,133,1629.349976031341,organic
2024-06-12,3977,1637,710,3419,0.4607723654436968,69.9774861720941,175,4327.77226028512,direct
2024-06-13,4104,1877,584,5204,0.4919502481215635,95.60236823090133,187,3025.5025472713623,paid
2024-06-14,4119,3850,604,13789,0.551002185287348,296.79122951012323,72,2855.259101184649,direct
2024-06-15,1502,3291,717,4120,0.6494708456745355,291.62848714465093,125,1016.4599234114786,direct
2024-06-16,3454,3460,675,14260,0.693633387679718,61.18559542425831,71,4370.628620072457,organic
2024-06-17,4645,3840,908,3950,0.6073093655458073,288.43482850157733,16,3752.6643644381766,organic
2024-06-18,2751,3111,844,5336,0.4671067128669335,213.38878507572008,164,804.5076285500071,organic
2024-06-19,1804,3924,970,8373,0.46854280091082806,268.3003906848053,101,3685.257937533959,email
2024-06-20,3146,2395,636,5243,0.5950329206355566,169.1375653521262,23,2945.921978041907,direct
2024-06-21,3731,3851,222,5645,0.3955108583073209,183.74304685902007,95,867.7640558605021,social
2024-06-22,2895,804,764,13049,0.34418964525255785,177.32317926166084,142,2562.352886878954,paid
2024-06-23,3773,1926,876,7612,0.4418488630563106,220.04742181106505,192,2681.1332920852115,email
2024-06-24,2570,2019,913,4865,0.41489559666163267,93.5163011415151,139,1245.985430734741,social
2024-06-25,1960,1573,657,14104,0.418523248182396,67.19366156944271,71,4755.64166150127,direct
2024-06-26,4810,1676,282,14045,0.39344310041996394,133.90318598188583,158,4324.889171662979,organic
2024-06-27,3660,1791,344,9028,0.31683727585454474,229.1233830567952,88,3510.6005179809877,direct
2024-06-28,2485,3731,284,10326,0.3071495738933655,108.4448285095076,158,2580.3300245027326,paid
2024-06-29,3690,846,277,9371,0.6950889558944126,221.62378399798015,147,2352.9449371302885,email
2024-06-30,4840,3714,656,9359,0.4711092534943449,292.7788910657449,67,3429.380602179294,email
2024-07-01,2028,3670,200,10863,0.45373065886387265,82.53617178946041,129,2954.443412331075,paid
2024-07-02,4289,3783,250,6228,0.5718589130772279,221.4245083740303,176,780.2289764684853,social
2024-07-03,1502,3503,884,6719,0.38730155514602566,166.50005263309708,142,2806.2619194664926,social
2024-07-04,3814,1068,916,14420,0.6799844735800901,268.3541410506013,74,4128.816277547778,email
2024-07-05,1397,1169,971,5371,0.6145380057662208,102.51594946737262,22,2566.579449186311,email
2024-07-06,1870,1435,645,5891,0.3357644009249038,226.2302285342795,190,733.8045989942078,organic
2024-07-07,3842,1929,648,6756,0.4670323103139713,261.14766951554645,91,4038.251897228149,social
2024-07-08,1392,2493,687,7225,0.6516473230248658,286.7074126737656,182,1406.1370196118849,paid
2024-07-09,1206,2482,999,3094,0.6778928089165641,223.979526789515,169,1663.7937569961746,social
2024-07-10,2038,1456,233,5674,0.4869606044999479,179.32194336202255,173,1241.1785904453316,organic
2024-07-11,2881,919,547,9898,0.5453645556842831,208.2833376482913,197,1985.967791921739,email
2024-07-12,4625,1630,294,13147,0.36681357843683005,268.5371962748924,148,3905.3817755988575,email
2024-07-13,3939,2610,271,3793,0.6964674504547905,196.94633919331912,158,2837.236367767718,organic
2024-07-14,2484,1881,750,13026,0.39266868055337734,67.29289432724084,61,1421.9657336782066,paid
2024-07-15,4762,2774,353,5116,0.6770927096540502,283.42768692167465,192,4450.235351684184,email
2024-07-16,4646,2169,449,8779,0.5598586595969474,225.48642024757467,126,4458.118347281881,direct
2024-07-17,1863,1540,873,14517,0.5430947179515436,222.36321258653916,35,4417.6029127070315,email
2024-07-18,3790,916,637,14111,0.5050754044066034,111.76203657545213,43,1574.5829512169269,direct
2024-07-19,4312,2653,317,13789,0.3922679246871035,218.13251285583772,61,2530.5770488144462,organic
2024-07-20,1563,3638,970,14397,0.37061121280220327,154.52745735699804,121,4932.453452633938,organic
2024-07-21,2020,1950,505,9166,0.38819448362807013,216.2959144899581,91,3974.0561433949565,email
2024-07-22,1095,2731,467,3814,0.3745753048577018,85.58232727391777,189,622.2533955150192,social
2024-07-23,2923,1812,253,3345,0.6118337894267013,217.88287310472865,166,793.4206606722142,direct
2024-07-24,2757,2464,435,13541,0.440050103666692,299.85929418496,175,2587.6911956554973,paid
2024-07-25,3532,1881,588,11554,0.3231370706253585,71.57088932653345,51,4591.4909263770205,email
2024-07-26,4478,1433,933,5443,0.6876410520563245,294.5218042131161,30,2924.158090787214,paid
2024-07-27,3278,1312,962,13457,0.6535143539853703,157.65791057348895,51,2740.156286154306,email
2024-07-28,3796,3649,600,13380,0.6711009132780852,268.9808280809422,150,974.6316498048376,social
2024-07-29,2678,1919,823,10783,0.697963129058574,247.77251617398562,122,3455.5104712593234,social
2024-07-30,4242,1941,966,14197,0.3695580996877949,196.08390263680027,114,4199.4642227010145,social
2024-07-31,1540,1359,502,14473,0.4584968075610635,237.22781022031836,26,2211.8900337840305,social
2024-08-01,2059,1287,406,3984,0.6032953902816365,270.8437347123235,129,3990.253329163974,organic
2024-08-02,3572,1696,428,10790,0.5784082472215168,156.99367719624792,146,4840.144942553652,organic
2024-08-03,2183,2012,777,12831,0.36155836253594203,138.48795877517728,178,1416.949066074601,direct
2024-08-04,4910,1503,274,3827,0.6263332499962471,220.22241253526033,138,2854.983340376336,paid
2024-08-05,2722,2270,634,13922,0.3897762287346642,253.88302606590207,139,1792.1208113805899,email
2024-08-06,4314,1380,302,6531,0.3895270459290492,242.9484323463878,69,4067.8448856522773,email
2024-08-07,4157,3637,621,10147,0.5147897691573654,251.47527572607228,57,3099.1701464652087,organic
2024-08-08,2819,3708,903,7451,0.5371759739366813,164.53999555510393,38,3355.620878976367,email
2024-08-09,3625,3094,963,14127,0.5320344831351245,256.2802118820052,106,4090.6137182715233,organic
2024-08-10,3729,3947,937,6876,0.3365947349591019,88.85017328894602,19,2281.867126981047,direct
2024-08-11,3604,953,505,8959,0.6509843450521521,190.6773835106039,67,4617.905307831695,paid
2024-08-12,2597,2479,297,3126,0.4062400170354824,61.382078519549175,197,2898.62990260763,direct
2024-08-13,4060,1796,997,6177,0.3518059685131217,137.90059917606487,30,1210.796702759066,social
2024-08-14,3693,3957,534,14248,0.6554992319475909,147.9507683691355,37,3631.546031759611,social
2024-08-15,1795,3544,634,11795,0.6822605992919013,155.0814459862213,43,4069.676076972145,social
2024-08-16,2051,2043,646,14641,0.6448510469061802,226.91212960556692,17,1925.42754680387,direct
2024-08-17,2643,1892,507,9024,0.6238064298899512,153.25394430488296,196,4357.306656494388,email
2024-08-18,4627,3918,448,8109,0.5620967922556087,167.68646942940737,186,4577.644646445949,paid
2024-08-19,2363,1808,365,7146,0.5203429482436557,117.0105914098386,88,1746.0701932001402,social
2024-08-20,4869,2941,680,10196,0.33479470396456407,149.58042999104163,154,4925.8466272185,social
2024-08-21,2981,2573,534,14725,0.4633812852282795,114.54471054315636,197,1133.201876219413,social
2024-08-22,2354,1757,741,14559,0.4490754068049256,77.56702170442648,96,1409.0705078112048,paid
2024-08-23,2663,3859,958,6368,0.40390151350413045,204.8276624115307,97,1329.0117765711175,social
2024-08-24,2529,1252,305,6797,0.589368045475434,220.3710716532039,182,4522.953695035417,paid
2024-08-25,3038,2027,762,4792,0.4983502940315083,208.67768304230748,78,3444.3164854623283,social
2024-08-26,4419,3759,280,14053,0.33241848636305915,171.23857051213736,169,1184.469274500228,direct
2024-08-27,2496,3065,332,8732,0.38807328077992453,151.14858724301516,181,2481.45538265757,direct
2024-08-28,4302,3321,996,6476,0.5733035054638383,267.20007589723804,96,3268.8411128141092,paid
2024-08-29,3237,3279,337,6417,0.33045234379612004,184.57962843269235,110,875.5883824522248,direct
2024-08-30,4296,3188,383,4645,0.6404827656195075,175.00365063113543,17,4470.8736578330245,paid
2024-08-31,2408,1350,600,12397,0.4980586108055897,66.15409579354457,86,4116.2159094869085,direct
2024-09-01,2400,2435,529,6030,0.49223463093065917,141.8994786302775,96,2773.430481094872,direct
2024-09-02,2306,2112,984,5872,0.536963113863807,151.2469485086057,52,4852.069768666267,paid
2024-09-03,3680,2557,707,6072,0.6298723863700596,155.71746741525612,138,2379.9244067379486,email
2024-09-04,3675,1156,268,4854,0.4391236831608772,199.24136861455975,118,4928.49643566424,direct
2024-09-05,1972,2870,745,7021,0.5712064610236254,188.06461121445082,188,3505.639994616322,social
2024-09-06,2768,2585,973,7662,0.5262927855983164,205.8972222704267,161,3356.0207296427366,email
2024-09-07,2282,3369,252,9514,0.4068113080677685,243.5719827701108,161,1246.7970288310325,paid
2024-09-08,4430,2581,649,8031,0.6514519945420632,255.11657729186243,26,4468.674912370898,email
2024-09-09,1709,3971,404,5708,0.6189704086427712,232.34953829435867,142,2423.703595642768,organic
2024-09-10,2479,3649,325,14694,0.5633807338633702,289.32568702918434,157,1230.0503260211572,organic
2024-09-11,2434,3609,946,10112,0.6402326916376967,64.37581984232679,30,556.7338398909156,direct
2024-09-12,1648,3289,242,12524,0.646917680383921,106.98671656405106,67,3018.9005763727214,direct
2024-09-13,1317,2431,951,11393,0.5833451906860139,61.81508999475411,168,2873.2982995520433,social
2024-09-14,4748,3616,310,6507,0.6348053313454688,215.39393139710472,119,3737.0913006612136,email
2024-09-15,4296,1815,960,9456,0.5789885846677134,275.52733174799687,148,4506.16123858011,organic
2024-09-16,4890,2148,862,7212,0.5720563087041202,118.43575117831182,189,857.3296308936328,direct
2024-09-17,2257,1315,382,10970,0.5474445512860737,282.4882907511136,152,3791.7342065316307,email
2024-09-18,1683,3887,294,11766,0.6010866558230564,74.4641736694946,144,1343.35374843912,direct
2024-09-19,1663,3639,573,3536,0.36344204211722947,284.26464643332343,37,4361.796739207238,direct
2024-09-20,2998,1135,719,4625,0.6523483036795713,144.38944493751225,60,4185.785812377452,organic
2024-09-21,4898,2582,559,13314,0.6487374110980928,84.34099882781196,195,2933.5718974349497,organic
2024-09-22,4445,3105,895,10973,0.31169891321382365,176.60922220471815,14,3696.0925938049018,direct
2024-09-23,4743,1296,480,11577,0.630326700225905,121.6263762529219,14,1914.5755093268679,paid
2024-09-24,2631,1695,394,11070,0.3515479469893781,128.3694964708615,103,2620.255545197666,direct
2024-09-25,2495,3007,394,14473,0.4340475417036567,133.74959158230877,105,4197.366039697123,direct
2024-09-26,4304,1651,866,11666,0.5974033025166431,252.72621547983923,17,2566.6933872794625,social
2024-09-27,4763,2487,292,11609,0.3643039584193233,189.39870640206107,73,2110.092193964488,social
2024-09-28,2136,2731,871,9490,0.6271868096476249,134.71384779744088,147,2723.9560126263495,social
2024-09-29,2853,3537,260,6600,0.6328536711830968,206.4801079946204,47,4227.121635967483,paid
2024-09-30,2520,3227,833,9783,0.5029870935043345,231.87616181356645,120,2008.4362131689272,paid
2024-10-01,3489,2368,250,12146,0.3025543486867334,125.4297601760481,121,1281.927169110847,direct
2024-10-02,1563,1756,602,7971,0.4148152532699651,159.25178436608437,90,3704.0630914885132,social
2024-10-03,2291,3538,988,4205,0.5467707673502968,89.25266240086741,145,4216.901957186368,paid
2024-10-04,4581,2436,204,4990,0.6924744712109694,103.47584388832328,113,952.8686533558999,organic
2024-10-05,4878,2091,665,8299,0.5527254108066674,223.46828495159588,162,1579.4335074017513,direct
2024-10-06,4457,2240,803,6572,0.4039214324256639,103.54520344695047,82,1138.8739539244725,email
2024-10-07,4458,1991,881,8975,0.5536022812398446,186.03921208009444,187,2065.73635211975,direct
2024-10-08,4184,1866,733,9320,0.5159941518863421,230.17110281338384,58,2526.579405074357,email
2024-10-09,2636,1084,604,7380,0.6119381580604574,85.65046154273853,45,3869.718516334879,social
2024-10-10,4696,3244,712,7757,0.34279225553078335,196.15493271093686,135,3430.1641319675336,email
2024-10-11,3999,811,844,5713,0.6044111610008112,121.5750680883273,77,3294.17855365294,social
2024-10-12,4152,2430,432,13395,0.5165066314704441,291.10245005701915,87,2085.687259743445,organic
2024-10-13,1698,3346,723,8588,0.6851968015435979,176.05095521278193,114,4286.51398888142,email
2024-10-14,3160,1553,545,14312,0.4367488664154744,253.43821194603794,178,2620.7922532917405,direct
2024-10-15,1001,2882,245,3966,0.5530487572535793,192.05437011750283,131,4905.972221068196,social
2024-10-16,1641,3574,745,7944,0.6728112422040069,70.4190078851566,128,3353.6396223308157,direct
2024-10-17,3267,3696,277,6432,0.34100389119627167,211.95633014256538,199,1068.1913370402624,paid
2024-10-18,2589,889,929,3688,0.6748913948945804,288.3368021295977,123,3542.799029339453,social
2024-10-19,1854,1575,272,7243,0.5751542889203253,204.38683683511948,19,1962.9680694426454,email
2024-10-20,2759,3452,993,6701,0.32713482364206875,256.6053262624296,158,3588.4723850874384,social
2024-10-21,4296,3817,448,11533,0.4203854267787265,272.2095512036179,173,813.3851667308259,direct
2024-10-22,3432,2425,246,8182,0.5832688354581126,114.7391452677438,149,1286.9664672918173,organic
2024-10-23,4474,3869,320,12916,0.32694024058750865,110.89076157797439,100,4350.817665076039,social
2024-10-24,2661,1217,413,9704,0.5328681840705093,206.635437324238,11,1522.308006605817,email
2024-10-25,2153,914,438,7422,0.43835322278118266,158.64683275360912,127,4266.685063593231,paid
2024-10-26,2076,1416,255,12984,0.5483662071069908,261.5667126880129,22,1756.742398044847,organic
2024-10-27,2707,1625,549,4759,0.3182968135250051,276.0055496155227,190,3392.9685952641844,paid
2024-10-28,3777,2449,306,14404,0.6486147224609504,144.82113103265235,169,3623.6775807942395,social
2024-10-29,2695,2316,247,12181,0.6893955876709588,116.84893415387569,104,2806.946389152738,direct
2024-10-30,2733,3946,772,13454,0.6875511421142766,247.32612365852683,153,1873.8980451352909,direct
2024-10-31,2439,1212,536,5482,0.5998607326971699,125.95344853155267,41,1456.8996936699325,email
2024-11-01,3294,1528,225,11058,0.3520344960522528,257.42743644328283,41,649.352095530918,direct
2024-11-02,1835,3868,456,3951,0.603305278371609,161.69718087570308,133,1867.758805583257,organic
2024-11-03,4510,3608,207,11914,0.3098347665835206,220.2119758299529,20,3439.2325573907738,direct
2024-11-04,1202,1475,824,14581,0.30884942061159887,82.92847532032036,19,4722.371683018172,email
2024-11-05,4255,2692,452,5079,0.42944408765981645,209.72623792237752,24,4420.420170183734,social
2024-11-06,1122,3304,891,5717,0.4954572761618663,168.424242896935,26,3947.2914944088616,social
2024-11-07,1400,3767,918,13524,0.6081629671231172,200.78603116211377,177,4048.013044639844,direct
2024-11-08,1766,3039,502,14568,0.573318150642602,100.32340985876722,155,3492.4320656419786,paid
2024-11-09,1293,3586,838,7524,0.4783610825506993,236.8496987866037,192,1671.2908590470136,social
2024-11-10,3327,1922,255,12692,0.4094506665126663,267.07129861037487,162,4582.3776381762345,direct
2024-11-11,4908,2371,925,11477,0.6988498000630844,112.01755202178616,68,3518.295403576253,email
2024-11-12,3931,1777,725,10311,0.4704725208943892,82.97149332483882,87,3021.98283941198,direct
2024-11-13,4681,1808,673,14687,0.48055480973187015,65.67326065112073,133,999.4526114606648,social
2024-11-14,1197,2943,227,10186,0.3654495284766677,214.07316010638385,123,2511.7499471289143,email
2024-11-15,4029,2487,277,5065,0.6179238194999717,205.7025686613074,31,2571.6122204086682,direct
2024-11-16,2930,3510,415,3768,0.5774728903125954,191.2073790513768,167,4390.536242852015,organic
2024-11-17,4582,836,585,8490,0.38830784511550415,115.6673030678341,181,2959.916990845048,email
2024-11-18,3799,2348,564,14249,0.3329524182463371,153.81743901732352,41,2211.8024703668434,organic
2024-11-19,3191,3126,865,9645,0.5721997208298852,202.67432044468154,188,4895.601478297967,paid
2024-11-20,1608,3064,725,8083,0.5618044857124541,179.22404612620065,183,998.2426699684205,email
2024-11-21,4272,3714,898,8232,0.4093038107992837,297.06852485157293,122,2401.4679274037508,organic
2024-11-22,2147,1672,511,13353,0.6803454249001641,92.74554061361596,129,689.1110382713238,social
2024-11-23,1186,2621,206,14485,0.3604231567123601,226.8346929714225,158,3829.5685434511865,social
2024-11-24,4397,2096,202,8797,0.47293392041704074,157.0365043450301,131,4631.344484896178,paid
2024-11-25,3511,2909,822,12138,0.6774463680670395,162.76790758214753,41,1760.1679829772024,email
2024-11-26,4420,1395,949,7926,0.4678909267704489,232.2234637579623,128,4362.537545596044,email
2024-11-27,2794,2703,562,9016,0.5554103790656342,226.18467631784873,48,1814.9820370785399,email
2024-11-28,1659,1528,950,6335,0.4590377591851177,297.9014384885252,21,4598.465727397618,paid
2024-11-29,3811,2165,707,11038,0.409686080939468,90.81462946899006,184,3892.828566185528,email
2024-11-30,4002,1196,473,7873,0.6935910591839313,84.98631585219992,27,4122.080495786474,social
2024-12-01,2955,1498,705,4481,0.4637336025260172,233.84131611089788,158,581.0295002020453,organic
2024-12-02,3450,3890,938,13093,0.6576396814716537,198.8128600815382,150,4832.6466068331165,social
2024-12-03,2369,3024,214,9305,0.39198184235643446,125.79855997435341,158,3770.0194643164546,social
2024-12-04,2986,2435,391,6451,0.3852418816100333,79.06064855735679,135,1871.3799292376,organic
2024-12-05,2534,1195,830,3054,0.31245363315380453,80.55797990314333,145,4232.275991864812,social
2024-12-06,1146,3292,684,10643,0.560666730150354,274.6058099193884,55,1766.8453928671847,paid
2024-12-07,4219,875,227,13015,0.44741053748950443,106.0481579324983,113,4427.392278047576,organic
2024-12-08,3911,1064,913,6462,0.6457432999358548,137.609174907725,144,1006.6117568537165,social
2024-12-09,2734,3302,238,14271,0.48928396267662283,114.39753653447713,160,3666.586898573581,direct
2024-12-10,2843,2619,472,3832,0.6872773711658886,145.19911339966495,95,2933.1431449020965,social
2024-12-11,1488,1517,430,13998,0.37421020628124846,76.6617222590624,159,934.4051158794837,paid
2024-12-12,3976,3582,285,8954,0.6474492671822443,184.57434981798488,98,1588.5222271647754,email
2024-12-13,2959,1650,673,13682,0.6106387411166967,76.22701526213157,31,555.8181632479166,social
2024-12-14,2663,2190,325,11519,0.6083687378576208,252.08556187736679,101,2609.4558445902762,email
2024-12-15,3598,943,736,10221,0.637913291246755,116.09089965850393,38,1855.6936734200017,direct
2024-12-16,3385,1684,344,6310,0.6044095963771995,189.60285950508253,22,3192.6086793399145,social
2024-12-17,3919,3940,724,6300,0.5504881286525661,271.21898101475,11,1837.5701346887774,organic
2024-12-18,1640,3970,411,9722,0.352497951072955,216.2105685713266,38,1849.636001781431,email
2024-12-19,2802,1195,224,10218,0.31301047179650077,187.90986877232046,189,3844.3693942922155,direct
2024-12-20,3520,3896,779,10776,0.6683391391262747,137.84010074769014,36,716.6427619025906,organic
2024-12-21,2969,3795,593,6675,0.5466601258082951,139.9204591339675,59,4563.0274783639425,organic
2024-12-22,3198,3738,266,6054,0.6186149163904705,220.67686924756563,104,4335.187434760316,organic
2024-12-23,2438,2292,432,10970,0.49260894060502003,298.5934466930802,160,3505.121074518829,organic
2024-12-24,4369,1967,308,5143,0.3469232755849578,218.84140556385086,97,3169.4970654832296,social
2024-12-25,2634,3416,345,8207,0.35007431688102014,193.86802016880597,53,4515.361241628435,social
2024-12-26,1262,1862,310,12503,0.5742261148915885,235.35612245741908,31,1333.985807879215,social
2024-12-27,2787,2956,427,14383,0.4721223579597851,171.64934694809236,180,855.3612298587287,direct
2024-12-28,3191,1865,310,5538,0.38020989068013467,74.43416222418846,174,1577.7957645929214,direct
2024-12-29,3393,2009,669,7547,0.49663781869657475,194.95123581069836,198,4075.602254150856,direct
2024-12-30,1623,3782,233,8619,0.3256835748300536,289.83006828129123,106,656.016200269175,paid
